x;y;v;theta;t
9.84614;0;9.84614;0;0
19.5026;0;9.65649;0;1
29.5874;0;10.0847;0;2
38.7346;2.8735;9.58796;0.304377;3
48.2896;5.87508;10.0154;0.304377;4
57.7914;8.85996;9.95958;0.304377;5
67.3967;11.8774;10.0681;0.304377;6
77.1187;14.9314;10.1904;0.304377;7
80.1882;24.5336;10.0808;1.2614;8
83.3327;34.3704;10.3272;1.2614;9
86.4958;44.2656;10.3884;1.2614;10
82.8823;53.9163;10.305;1.92907;11
79.4169;63.1715;9.88269;1.92907;12
75.8771;72.6251;10.0945;1.92907;13
72.2965;82.1879;10.2112;1.92907;14
68.6834;91.8375;10.3039;1.92907;15
64.9205;101.887;10.731;1.92907;16
61.1088;112.067;10.8702;1.92907;17
62.1024;122.748;10.7267;1.47804;18
63.1433;133.937;11.2372;1.47804;19
64.1638;144.907;11.0176;1.47804;20
58.2939;154.281;11.0599;2.13026;21
52.4614;163.594;10.9894;2.13026;22
45.8949;171.806;10.5144;2.24533;23
39.0696;180.342;10.9287;2.24533;24
31.9444;189.252;11.4087;2.24533;25
29.8066;200.652;11.599;1.75617;26
21.7883;209.276;11.7754;2.31984;27
17.7917;219.787;11.2453;1.93414;28
23.9925;229.176;11.2523;0.987161;29
29.8972;238.118;10.7153;0.987161;30
35.7019;246.908;10.5337;0.987161;31
32.9591;257.569;11.0084;1.8226;32
30.1248;268.586;11.3761;1.8226;33
27.1897;279.995;11.7802;1.8226;34
24.3265;291.125;11.492;1.8226;35
21.5215;302.028;11.2581;1.8226;36
18.6041;313.368;11.7092;1.8226;37
23.3686;324.453;12.0661;1.16488;38
27.9897;335.206;11.7032;1.16488;39
32.6971;346.158;11.9215;1.16488;40
32.0786;358.028;11.8861;1.62285;41
31.4835;369.448;11.4356;1.62285;42
40.1926;377.404;11.7958;0.740223;43
48.5607;385.048;11.3341;0.740223;44
59.53;385.812;10.9957;0.0694892;45
70.214;386.555;10.7099;0.0694892;46
80.4476;387.268;10.2584;0.0694892;47
91.0834;388.008;10.6615;0.0694892;48
101.575;388.738;10.5169;0.0694892;49
112.279;389.483;10.7301;0.0694892;50
123.321;390.252;11.069;0.0694892;51
134.868;391.055;11.5748;0.0694892;52
146.95;391.896;12.1115;0.0694892;53
159.047;392.738;12.1261;0.0694892;54
171.205;393.585;12.1871;0.0694892;55
183.577;394.446;12.402;0.0694892;56
195.563;395.28;12.0148;0.0694892;57
201.725;405.662;12.0735;1.03512;58
207.72;415.761;11.7444;1.03512;59
213.591;425.652;11.5022;1.03512;60
219.51;435.624;11.5955;1.03512;61
225.639;445.95;12.0083;1.03512;62
231.742;456.231;11.9564;1.03512;63
237.974;466.731;12.2094;1.03512;64
244.464;477.664;12.7149;1.03512;65
250.881;488.476;12.5726;1.03512;66
261.914;493.342;12.0579;0.415358;67
273.168;498.305;12.2997;0.415358;68
284.659;503.372;12.5589;0.415358;69
286.879;515.924;12.7467;1.39569;70
289.087;528.402;12.6714;1.39569;71
291.316;541.003;12.797;1.39569;72
283.095;550.065;12.2357;2.30762;73
274.877;559.123;12.2298;2.30762;74
266.33;568.544;12.721;2.30762;75
263.756;580.831;12.5534;1.77724;76
261.224;592.921;12.3529;1.77724;77
258.747;604.749;12.0839;1.77724;78
260.791;616.725;12.1491;1.4018;79
262.848;628.781;12.2304;1.4018;80
264.807;640.264;11.6496;1.4018;81
270.568;650.742;11.9569;1.06813;82
276.133;660.865;11.552;1.06813;83
281.931;671.412;12.0352;1.06813;84
287.458;681.465;11.4725;1.06813;85
292.898;691.359;11.2913;1.06813;86
298.556;701.651;11.7445;1.06813;87
303.992;711.539;11.2832;1.06813;88
312.086;719.85;11.6015;0.798654;89
320.39;728.378;11.903;0.798654;90
329.051;737.271;12.414;0.798654;91
337.775;746.23;12.5048;0.798654;92
346.533;755.223;12.5527;0.798654;93
355.576;764.509;12.962;0.798654;94
358.713;776.937;12.8181;1.32354;95
361.911;789.605;13.0655;1.32354;96
365.157;802.463;13.2612;1.32354;97
368.371;815.195;13.1314;1.32354;98
377.699;825.256;13.7202;0.823165;99
390.747;825.676;13.0548;0.0321326;100
403.784;826.095;13.0441;0.0321326;101
416.684;826.509;12.906;0.0321326;102
425.561;816.926;13.0636;-0.823651;103
434.085;807.723;12.5435;-0.823651;104
442.882;798.227;12.9446;-0.823651;105
451.727;788.677;13.0164;-0.823651;106
460.834;778.846;13.4018;-0.823651;107
474.593;780.789;13.896;0.140351;108
486.373;772.478;14.4172;-0.614475;109
498.46;763.949;14.7933;-0.614475;110
510.416;755.513;14.632;-0.614475;111
522.647;746.883;14.969;-0.614475;112
534.38;738.604;14.3606;-0.614475;113
545.924;730.459;14.1276;-0.614475;114
558.023;721.921;14.8083;-0.614475;115
569.811;713.603;14.4273;-0.614475;116
581.837;705.118;14.7173;-0.614475;117
593.339;697.002;14.0778;-0.614475;118
604.932;688.823;14.1877;-0.614475;119
606.464;675.314;13.5953;-1.45785;120
607.955;662.168;13.2298;-1.45785;121
609.402;649.414;12.836;-1.45785;122
610.916;636.063;13.4372;-1.45785;123
612.485;622.231;13.92;-1.45785;124
614.07;608.255;14.0661;-1.45785;125
615.702;593.865;14.482;-1.45785;126
617.258;580.152;13.8009;-1.45785;127
628.961;571.692;14.4407;-0.62589;128
642.841;569.236;14.0957;-0.175187;129
656.671;566.788;14.0451;-0.175187;130
670.04;564.421;13.5762;-0.175187;131
682.925;562.141;13.0856;-0.175187;132
695.568;559.903;12.8393;-0.175187;133
708.666;557.192;13.3763;-0.204062;134
721.847;554.465;13.4601;-0.204062;135
735.078;551.727;13.5112;-0.204062;136
748.523;548.944;13.7297;-0.204062;137
762.15;546.124;13.9157;-0.204062;138
776.423;543.17;14.576;-0.204062;139
790.418;542.208;14.0273;-0.0686807;140
805.031;541.203;14.6477;-0.0686807;141
820.242;540.156;15.2472;-0.0686807;142
827.603;527.667;14.497;-1.03819;143
834.928;515.24;14.4252;-1.03819;144
842.224;502.862;14.3685;-1.03819;145
849.265;490.918;13.8647;-1.03819;146
856.16;479.22;13.5788;-1.03819;147
862.916;467.757;13.3064;-1.03819;148
869.591;456.432;13.1451;-1.03819;149
876.599;444.543;13.8008;-1.03819;150
883.56;432.733;13.7089;-1.03819;151
890.185;421.494;13.0459;-1.03819;152
897.051;409.845;13.5228;-1.03819;153
904.114;397.863;13.9086;-1.03819;154
910.958;386.25;13.4792;-1.03819;155
917.904;374.468;13.6773;-1.03819;156
924.605;363.098;13.1978;-1.03819;157
931.222;351.871;13.0315;-1.03819;158
937.612;341.031;12.5829;-1.03819;159
943.966;330.251;12.5143;-1.03819;160
956.511;327.441;12.8552;-0.220337;161
968.731;324.704;12.5226;-0.220337;162
980.73;322.016;12.2971;-0.220337;163
992.157;319.457;11.7092;-0.220337;164
1003.07;317.012;11.1888;-0.220337;165
1012.08;323.736;11.2372;0.64149;166
1020.88;330.309;10.9849;0.64149;167
1030.08;337.181;11.4828;0.64149;168
1039.56;344.262;11.8341;0.64149;169
1049.07;351.365;11.8704;0.64149;170
1059;357.949;11.9136;0.585577;171
1069.24;364.737;12.2809;0.585577;172
1079.48;371.529;12.2896;0.585577;173
1089.71;378.316;12.2805;0.585577;174
1100.12;385.219;12.4899;0.585577;175
1112.75;385.127;12.6316;-0.00726487;176
1125.28;385.036;12.532;-0.00726487;177
1137.7;384.946;12.4127;-0.00726487;178
1149.54;379.87;12.883;-0.405032;179
1161.78;374.622;13.3172;-0.405032;180
1173.77;369.481;13.0469;-0.405032;181
1185.5;364.449;12.7692;-0.405032;182
1193.24;354.046;12.9632;-0.931549;183
1201.32;343.177;13.5422;-0.931549;184
1209.79;331.775;14.2083;-0.931549;185
1218.4;320.192;14.4329;-0.931549;186
1226.65;309.097;13.8239;-0.931549;187
1241.11;308.248;14.4794;-0.0587079;188
1251.63;317.981;14.3357;0.74631;189
1261.71;327.3;13.7259;0.74631;190
1274.64;324.123;13.3172;-0.240846;191
1287.87;327.531;13.6642;0.252034;192
1301.76;331.106;14.3371;0.252034;193
1315.12;334.548;13.8016;0.252034;194
1328.51;337.995;13.8235;0.252034;195
1342.49;341.594;14.432;0.252034;196
1356.32;345.156;14.2835;0.252034;197
1370.67;348.851;14.8189;0.252034;198
1384.69;352.463;14.4828;0.252034;199
1398.84;356.105;14.604;0.252034;200
1412.46;359.613;14.0659;0.252034;201
1421.98;369.5;13.7258;0.804367;202
1431.9;379.806;14.3056;0.804367;203
1442.16;390.459;14.7883;0.804367;204
1452.22;400.909;14.5055;0.804367;205
1462.48;411.571;14.7995;0.804367;206
1469.95;423.862;14.3847;1.02449;207
1465.19;437.458;14.4061;1.90773;208
1464.39;451.281;13.8464;1.62898;209
1463.6;464.832;13.5742;1.62898;210
1462.77;479.054;14.2467;1.62898;211
1461.95;493.111;14.0807;1.62898;212
1461.13;507.261;14.174;1.62898;213
1460.27;521.997;14.7607;1.62898;214
1459.4;536.952;14.9807;1.62898;215
1458.53;551.872;14.9453;1.62898;216
1457.66;566.835;14.9885;1.62898;217
1456.77;582.057;15.2473;1.62898;218
1455.85;597.807;15.7768;1.62898;219
1463.21;611.07;15.1671;1.06435;220
1470.32;623.892;14.6624;1.06435;221
1477.73;637.255;15.2811;1.06435;222
1485.28;650.861;15.5584;1.06435;223
1492.76;664.354;15.43;1.06435;224
1487.9;678.784;15.2293;1.89611;225
1482.92;693.541;15.5732;1.89611;226
1477.9;708.409;15.6915;1.89611;227
1472.99;722.985;15.3826;1.89611;228
1468.18;737.242;15.0464;1.89611;229
1463.48;751.182;14.7116;1.89611;230
1458.97;764.546;14.1034;1.89611;231
1454.54;777.682;13.8625;1.89611;232
1450.29;790.293;13.3092;1.89611;233
1445.9;803.305;13.7326;1.89611;234
1441.65;815.889;13.2806;1.89611;235
1430.93;824.07;13.4887;2.4899;236
1417.45;827.203;13.8361;2.9132;237
1404.27;830.268;13.5376;2.9132;238
1391.1;833.328;13.5157;2.9132;239
1377.67;836.45;13.7875;2.9132;240
1364.41;839.531;13.6115;2.9132;241
1350.85;842.683;13.9211;2.9132;242
1336.75;845.961;14.4766;2.9132;243
1322.23;849.336;14.9055;2.9132;244
1307.8;852.692;14.822;2.9132;245
1293.28;856.067;14.907;2.9132;246
1278.56;859.487;15.1063;2.9132;247
1263.93;862.887;15.0186;2.9132;248
1249.07;866.342;15.2602;2.9132;249
1233.9;869.869;15.5762;2.9132;250
1219.41;873.237;14.8767;2.9132;251
1204.93;876.602;14.8617;2.9132;252
1190.62;879.929;14.6972;2.9132;253
1176.94;883.108;14.0379;2.9132;254
1163.48;886.237;13.8208;2.9132;255
1149.79;889.42;14.0588;2.9132;256
1136.42;892.434;13.706;2.91983;257
1123.2;895.415;13.5497;2.91983;258
1109.97;898.398;13.5635;2.91983;259
1096.55;901.424;13.7585;2.91983;260
1083.03;904.472;13.856;2.91983;261
1069.34;907.559;14.0356;2.91983;262
1055.56;910.665;14.1247;2.91983;263
1041.7;913.79;14.2063;2.91983;264
1029.52;907.418;13.7503;3.62346;265
1017.04;900.892;14.0816;3.62346;266
1003.95;894.049;14.7663;3.62346;267
991.082;887.317;14.5258;3.62346;268
978.543;880.759;14.15;3.62346;269
965.619;875.107;14.1061;3.55386;270
953.216;869.683;13.5369;3.55386;271
940.444;864.098;13.9402;3.55386;272
927.701;858.525;13.9083;3.55386;273
915.957;865.61;13.7152;2.59872;274
903.797;872.947;14.2023;2.59872;275
891.81;880.179;13.9998;2.59872;276
879.264;887.748;14.6527;2.59872;277
867.241;895.002;14.0415;2.59872;278
853.433;892.192;14.0916;3.34237;279
839.105;889.276;14.6218;3.34237;280
824.828;890.928;14.3721;3.0264;281
810.003;892.643;14.924;3.0264;282
795.694;894.299;14.4037;3.0264;283
786.548;884.063;13.7268;3.98311;284
773.19;880.22;13.8998;3.42172;285
759.894;875.096;14.2493;3.50944;286
747.257;870.226;13.5425;3.50944;287
735.072;865.53;13.0586;3.50944;288
723.206;860.957;12.7167;3.50944;289
711.846;856.579;12.1744;3.50944;290
700.402;852.169;12.2641;3.50944;291
688.076;853.479;12.3958;3.03567;292
676.176;854.745;11.9672;3.03567;293
670.547;865.335;11.9933;2.05928;294
665.097;875.592;11.6153;2.05928;295
659.599;885.937;11.7155;2.05928;296
654.327;895.856;11.2322;2.05928;297
657.344;906.774;11.3271;1.30125;298
660.244;917.272;10.8907;1.30125;299
663.106;927.629;10.7458;1.30125;300
665.833;937.503;10.2433;1.30125;301
668.639;947.657;10.5351;1.30125;302
671.524;958.099;10.8329;1.30125;303
674.276;968.063;10.3371;1.30125;304
676.966;977.797;10.0989;1.30125;305
679.68;987.621;10.192;1.30125;306
685.047;996.619;10.477;1.03294;307
690.478;1005.72;10.6012;1.03294;308
696.114;1015.17;11.0009;1.03294;309
701.863;1024.81;11.2222;1.03294;310
707.804;1034.77;11.5973;1.03294;311
713.77;1044.77;11.6459;1.03294;312
720.008;1055.23;12.1755;1.03294;313
725.987;1065.25;11.6716;1.03294;314
731.829;1075.04;11.4024;1.03294;315
742.509;1076.95;10.8495;0.177014;316
753.629;1078.94;11.2966;0.177014;317
764.381;1080.87;10.9225;0.177014;318
775.167;1082.8;10.9573;0.177014;319
786.373;1084.8;11.3838;0.177014;320
791.257;1094.91;11.2298;1.12077;321
796.019;1104.77;10.9474;1.12077;322
800.962;1115;11.362;1.12077;323
805.772;1124.96;11.0579;1.12077;324
810.773;1135.31;11.4988;1.12077;325
815.908;1145.94;11.8039;1.12077;326
820.86;1156.19;11.3852;1.12077;327
827.93;1164.45;10.8697;0.86268;328
838.544;1167.53;11.0511;0.282358;329
848.263;1171.66;10.5628;0.402228;330
855.798;1179.69;11.013;0.817308;331
863.593;1188;11.393;0.817308;332
871.31;1196.23;11.279;0.817308;333
881.242;1200.33;10.7462;0.391775;334
891.012;1204.37;10.5712;0.391775;335
897.815;1212.13;10.3249;0.851468;336
904.488;1219.75;10.1279;0.851468;337
911.405;1227.65;10.4976;0.851468;338
921.827;1227.58;10.4226;-0.00683054;339
931.737;1227.51;9.90953;-0.00683054;340
942.072;1227.44;10.3354;-0.00683054;341
952.269;1227.37;10.197;-0.00683054;342
962.213;1227.3;9.94488;-0.00683054;343
970.931;1223.11;9.67212;-0.447952;344
980.085;1218.72;10.1557;-0.447952;345
988.79;1214.53;9.65826;-0.447952;346
997.655;1210.27;9.83573;-0.447952;347
1006.44;1206.05;9.7491;-0.447952;348
1010.09;1197.08;9.67942;-1.18463;349
1013.85;1187.82;9.99564;-1.18463;350
1017.44;1179;9.52524;-1.18463;351
1021.08;1170.04;9.67046;-1.18463;352
1024.9;1160.65;10.136;-1.18463;353
1028.57;1151.63;9.73476;-1.18463;354
1032.27;1142.52;9.83426;-1.18463;355
1036.15;1132.99;10.2862;-1.18463;356
1031.81;1123.85;10.1261;-2.01359;357
1027.28;1114.31;10.5562;-2.01359;358
1022.7;1104.64;10.7043;-2.01359;359
1017.9;1094.51;11.2058;-2.01359;360
1023.85;1084.57;11.5849;-1.03066;361
1030.88;1076.05;11.0473;-0.881526;362
1038.19;1067.18;11.498;-0.881526;363
1045.15;1058.29;11.2826;-0.90677;364
1055.93;1055.06;11.262;-0.290921;365
1067.24;1051.68;11.7972;-0.290921;366
1078.35;1048.35;11.6065;-0.290921;367
1084.94;1038.55;11.805;-0.979374;368
1091.47;1028.81;11.7275;-0.979374;369
1097.78;1019.43;11.3038;-0.979374;370
1104.98;1010.78;11.2586;-0.876006;371
1112.49;1001.78;11.72;-0.876006;372
1120.08;992.672;11.8517;-0.876006;373
1127.84;983.362;12.12;-0.876006;374
1135.27;974.44;11.6136;-0.876006;375
1142.71;965.514;11.6201;-0.876006;376
1153.79;963.408;11.2757;-0.187887;377
1164.5;961.37;10.9072;-0.187887;378
1175.64;959.252;11.3406;-0.187887;379
1186.57;957.175;11.1225;-0.187887;380
1197.17;955.159;10.7907;-0.187887;381
1207.73;953.152;10.7453;-0.187887;382
1217.78;951.241;10.2318;-0.187887;383
1227.67;949.361;10.0647;-0.187887;384
1237.83;947.43;10.3404;-0.187887;385
1248.37;945.425;10.732;-0.187887;386
1259.44;943.321;11.2668;-0.187887;387
1270.68;941.183;11.4437;-0.187887;388
1282.38;938.959;11.9076;-0.187887;389
1293.99;936.751;11.8213;-0.187887;390
1306.02;934.464;12.241;-0.187887;391
1318.08;932.172;12.2751;-0.187887;392
1329.61;929.978;11.7437;-0.187887;393
1340.58;927.893;11.161;-0.187887;394
1351.61;925.795;11.2331;-0.187887;395
1362.75;923.677;11.342;-0.187887;396
1373.65;921.605;11.091;-0.187887;397
1384.88;919.47;11.4309;-0.187887;398
1395.99;917.358;11.3075;-0.187887;399
1407.2;915.406;11.3834;-0.172333;400
1416;922.226;11.1319;0.659404;401
1424.85;929.083;11.193;0.659404;402
1435.85;931.912;11.3605;0.251659;403
1446.19;935.254;10.862;0.312707;404
1456.93;938.728;11.2949;0.312707;405
1467.96;942.294;11.5895;0.312707;406
1478.91;945.835;11.5102;0.312707;407
1489.78;949.348;11.4209;0.312707;408
1498.9;955.711;11.1195;0.609241;409
1508.54;962.204;11.6252;0.592575;410
1519.35;957.842;11.6564;-0.383522;411
1530.09;953.507;11.5847;-0.383522;412
1540.37;949.363;11.077;-0.383522;413
1550.87;945.123;11.3304;-0.383522;414
1561.75;940.733;11.7326;-0.383522;415
1573.12;943.314;11.6575;0.223294;416
1584.16;945.819;11.3139;0.223294;417
1595.37;948.366;11.5002;0.223294;418
1606.75;950.951;11.6731;0.223294;419
1618.41;953.598;11.9523;0.223294;420
1627.13;961.618;11.8489;0.743479;421
1635.89;969.673;11.9012;0.743479;422
1644.97;978.02;12.3315;0.743479;423
1644.83;990.944;12.9252;1.58154;424
1644.7;1003.39;12.447;1.58154;425
1644.56;1015.86;12.4686;1.58154;426
1644.43;1028.06;12.2012;1.58154;427
1644.3;1040.27;12.2166;1.58154;428
1644.17;1052.77;12.4931;1.58154;429
1634.19;1060.3;12.5031;2.49516;430
1624.53;1067.59;12.1025;2.49516;431
1615.02;1074.76;11.9016;2.49516;432
1605.83;1081.7;11.5186;2.49516;433
1596.95;1089.81;12.025;2.40117;434
1588.43;1097.6;11.5503;2.40117;435
1579.92;1105.37;11.5182;2.40117;436
1573.19;1114.66;11.476;2.19784;437
1564.67;1122.26;11.4189;2.41371;438
1555.81;1130.15;11.8593;2.41371;439
1546.76;1138.21;12.1235;2.41371;440
1538.15;1145.89;11.5316;2.41371;441
1529.51;1153.59;11.5737;2.41371;442
1518;1155.16;11.6173;3.00577;443
1506.31;1156.76;11.7956;3.00577;444
1494.89;1158.32;11.5284;3.00577;445
1483.97;1159.81;11.0247;3.00577;446
1472.72;1161.35;11.3516;3.00577;447
1461.7;1162.85;11.1204;3.00577;448
1450.24;1164.42;11.5743;3.00577;449
1439.05;1165.95;11.2909;3.00577;450
1428.08;1167.45;11.0659;3.00577;451
1417.16;1168.94;11.0276;3.00577;452
1406.26;1170.43;10.9999;3.00577;453
1395.51;1171.9;10.8542;3.00577;454
1385.07;1173.33;10.5376;3.00577;455
1374.71;1173.56;10.3545;3.11895;456
1364.5;1173.79;10.2176;3.11895;457
1353.79;1174.03;10.71;3.11895;458
1343.4;1174.27;10.3979;3.11895;459
1333.44;1174.5;9.95591;3.11895;460
1324.24;1177.3;9.6178;2.84557;461
1314.86;1180.16;9.81406;2.84557;462
1305.72;1182.95;9.5478;2.84557;463
1296.49;1185.76;9.64997;2.84557;464
1287.12;1188.62;9.79983;2.84557;465
1277.94;1191.42;9.59651;2.84557;466
1269.11;1194.11;9.22926;2.84557;467
1259.88;1196.93;9.6564;2.84557;468
1250.61;1199.76;9.68815;2.84557;469
1241.1;1202.66;9.94185;2.84557;470
1231.33;1205.64;10.2116;2.84557;471
1224.18;1213.48;10.6149;2.30971;472
1223.09;1224.43;10.999;1.67014;473
1225.05;1235.71;11.4523;1.3986;474
1226.96;1246.64;11.0954;1.3986;475
1223.88;1257.31;11.1057;1.85179;476
1220.93;1267.53;10.6306;1.85179;477
1218.1;1277.33;10.2075;1.85179;478
1215.29;1287.07;10.1352;1.85179;479
1212.34;1297.28;10.6293;1.85179;480
1209.27;1307.91;11.0588;1.85179;481
1206.14;1318.76;11.2898;1.85179;482
1208.19;1330.16;11.5848;1.39288;483
1210.34;1342.11;12.1483;1.39288;484
1212.43;1353.73;11.8072;1.39288;485
1214.52;1365.37;11.8236;1.39288;486
1216.58;1376.79;11.5983;1.39288;487
1223.95;1385.54;11.4442;0.870595;488
1223.95;1396.72;11.1858;1.57125;489
1223.94;1407.37;10.6508;1.57125;490
1230.49;1415.35;10.3195;0.883681;491
1235.23;1424.65;10.436;1.09947;492
1239.79;1433.6;10.0423;1.09947;493
1244.48;1442.81;10.3415;1.09947;494
1249;1451.67;9.94235;1.09947;495
1253.69;1460.88;10.3337;1.09947;496
1258.55;1470.42;10.7081;1.09947;497
1263.53;1480.19;10.9706;1.09947;498
1268.43;1489.81;10.7951;1.09947;499
1273.42;1499.59;10.9806;1.09947;500
1282.13;1505.71;10.6455;0.611983;501
1290.56;1511.62;10.2962;0.611983;502
1295.51;1520.53;10.1889;1.06396;503
1293.01;1530.21;9.99243;1.82312;504
1290.43;1540.22;10.3336;1.82312;505
1287.72;1550.71;10.8431;1.82312;506
1281.1;1559.75;11.2046;2.20347;507
1274.64;1568.56;10.9198;2.20347;508
1267.87;1577.79;11.4466;2.20347;509
1261.16;1586.94;11.3494;2.20347;510
1254.51;1596.01;11.2454;2.20347;511
1247.81;1605.15;11.334;2.20347;512
1241.54;1615.04;11.7147;2.13609;513
1235.48;1624.59;11.3048;2.13609;514
1229.23;1634.45;11.6787;2.13609;515
1222.76;1644.65;12.0744;2.13609;516
1216.46;1654.58;11.7582;2.13609;517
1210.31;1664.27;11.4833;2.13609;518
1204.24;1673.83;11.3223;2.13609;519
1198.39;1683.06;10.9302;2.13609;520
1192.47;1692.4;11.052;2.13609;521
1186.35;1702.03;11.4125;2.13609;522
1180.24;1711.67;11.4126;2.13609;523
1174.35;1720.96;11.0005;2.13609;524
1168.42;1730.31;11.0695;2.13609;525
1164.64;1740.39;10.7714;1.92934;526
1160.85;1750.51;10.8089;1.92934;527
1152.52;1757.9;11.1308;2.41644;528
1144.06;1765.39;11.3026;2.41644;529
1135.57;1772.91;11.3352;2.41644;530
1126.89;1780.61;11.6026;2.41644;531
1118.19;1788.32;11.6249;2.41644;532
1109.28;1796.21;11.8995;2.41644;533
1100.76;1803.76;11.3892;2.41644;534
1097.1;1814.89;11.7183;1.88859;535
1093.48;1825.89;11.5718;1.88859;536
1089.74;1837.28;11.9917;1.88859;537
1086.05;1848.48;11.7894;1.88859;538
1082.54;1859.14;11.2296;1.88859;539
1079.03;1869.82;11.2375;1.88859;540
1085.01;1879.18;11.1077;1.00255;541
1090.78;1888.22;10.7284;1.00255;542
1096.64;1897.39;10.8788;1.00255;543
1105.97;1902.88;10.8274;0.531009;544
1115.18;1908.28;10.6715;0.531009;545
1124.3;1913.64;10.5824;0.531009;546
1133.73;1919.18;10.9365;0.531009;547
1143;1924.62;10.7467;0.531009;548
1153.66;1924.37;10.6681;-0.0238381;549
1164.13;1924.12;10.4648;-0.0238381;550
1174.23;1922.27;10.2676;-0.18047;551
1182.24;1915.62;10.4199;-0.692896;552
1190.33;1908.91;10.505;-0.692896;553
1198.06;1902.49;10.0498;-0.692896;554
1205.61;1896.22;9.81363;-0.692896;555
1207.24;1886.47;9.88075;-1.40479;556
1206.72;1877.04;9.44845;-1.62607;557
1203.91;1868.41;9.07396;-1.88575;558
1205.13;1859.03;9.46077;-1.4409;559
1206.39;1849.43;9.68648;-1.4409;560
1207.67;1839.61;9.90387;-1.4409;561
1208.92;1830.03;9.65432;-1.4409;562
1210.14;1820.74;9.37128;-1.4409;563
1211.31;1811.75;9.06553;-1.4409;564
1212.49;1802.76;9.069;-1.4409;565
1213.67;1793.72;9.11092;-1.4409;566
1218.88;1786.63;8.80494;-0.937239;567
1223.92;1779.76;8.51808;-0.937239;568
1228.91;1772.97;8.42541;-0.937239;569
1233.82;1766.29;8.29542;-0.937239;570
1238.79;1759.53;8.3881;-0.937239;571
1243.75;1752.77;8.38266;-0.937239;572
1248.69;1746.05;8.33982;-0.937239;573
1256.43;1742.18;8.65645;-0.463862;574
1260.91;1734.57;8.82847;-1.03843;575
1265.56;1726.67;9.16985;-1.03843;576
1270.3;1718.63;9.32998;-1.03843;577
1274.89;1710.83;9.05484;-1.03843;578
1279.28;1703.39;8.63351;-1.03843;579
1283.71;1695.87;8.73124;-1.03843;580
1288.16;1688.31;8.77598;-1.03843;581
1292.78;1680.47;9.08935;-1.03843;582
1297.26;1672.86;8.83505;-1.03843;583
1303.78;1667.57;8.39743;-0.681942;584
1310.24;1662.33;8.31794;-0.681942;585
1316.86;1656.95;8.52444;-0.681942;586
1325.27;1656.58;8.42363;-0.0444234;587
1334.09;1656.19;8.82366;-0.0444234;588
1342.77;1655.8;8.6929;-0.0444234;589
1351.85;1655.4;9.08994;-0.0444234;590
1360.67;1655.01;8.8236;-0.0444234;591
1369.24;1652.85;8.83559;-0.246505;592
1378.2;1650.59;9.24513;-0.246505;593
1386.84;1648.42;8.90805;-0.246505;594
1395.79;1646.17;9.23247;-0.246505;595
1404.64;1644.04;9.09956;-0.23563;596
1408.12;1635.86;8.88771;-1.16869;597
1411.68;1627.49;9.09932;-1.16869;598
1415.3;1618.97;9.25473;-1.16869;599
1419.04;1610.18;9.56134;-1.16869;600
1428.61;1608.1;9.785;-0.213321;601
1437.98;1606.07;9.58576;-0.213321;602
1447.13;1604.09;9.36629;-0.213321;603
1456.64;1602.03;9.72748;-0.213321;604
1465.83;1600.04;9.40728;-0.213321;605
1474.98;1598.06;9.36627;-0.213321;606
1484.48;1596;9.71719;-0.213321;607
1494.41;1593.85;10.156;-0.213321;608
1504.43;1591.68;10.2504;-0.213321;609
1514.15;1589.57;9.95311;-0.213321;610
1523.32;1586.49;9.66877;-0.32464;611
1529.8;1578.84;10.0318;-0.867823;612
1536.12;1571.38;9.76736;-0.867823;613
1542.61;1563.72;10.0418;-0.867823;614
1549.21;1555.93;10.215;-0.867823;615
1555.67;1548.3;9.99571;-0.867823;616
1562.29;1540.49;10.2388;-0.867823;617
1563.48;1530.69;9.87267;-1.45069;618
1564.7;1520.53;10.2389;-1.45069;619
1565.91;1510.51;10.0837;-1.45069;620
1558.74;1502.82;10.5199;-2.32053;621
1551.77;1495.33;10.2337;-2.32053;622
1544.68;1487.71;10.4084;-2.32053;623
1537.8;1480.32;10.0976;-2.32053;624
1530.78;1472.79;10.2894;-2.32053;625
1521.75;1467.59;10.4201;-2.61927;626
1512.6;1462.32;10.5587;-2.61927;627
1503.88;1457.3;10.0641;-2.61927;628
1501.92;1447.26;10.2298;-1.76396;629
1499.98;1437.36;10.0846;-1.76396;630
1498.08;1427.63;9.91527;-1.76396;631
1496.24;1418.22;9.59386;-1.76396;632
1501.35;1410.11;9.59096;-1.00775;633
1506.63;1401.75;9.87809;-1.00775;634
1511.8;1393.56;9.69416;-1.00775;635
1516.72;1385.76;9.22205;-1.00775;636
1521.43;1378.3;8.81476;-1.00775;637
1526.1;1370.91;8.74844;-1.00775;638
1527.77;1362.24;8.82515;-1.38008;639
1529.47;1353.42;8.98002;-1.38008;640
1531.19;1344.56;9.02997;-1.38008;641
1532.87;1335.82;8.89588;-1.38008;642
1534.59;1326.94;9.04587;-1.38008;643
1536.34;1317.86;9.24712;-1.38008;644
1530.05;1311.38;9.03276;-2.34153;645
1523.83;1304.98;8.91927;-2.34153;646
1517.42;1298.38;9.19967;-2.34153;647
1513.71;1290.37;8.8287;-2.00443;648
1515.06;1281.63;8.84878;-1.41817;649
1516.47;1272.45;9.28023;-1.41817;650
1517.89;1263.25;9.31001;-1.41817;651
1519.32;1253.93;9.42694;-1.41817;652
1520.7;1244.96;9.08161;-1.41817;653
1522.05;1236.21;8.85455;-1.41817;654
1523.35;1227.76;8.54819;-1.41817;655
1524.63;1219.4;8.45642;-1.41817;656
1525.86;1211.41;8.08242;-1.41817;657
1527.09;1203.39;8.11116;-1.41817;658
1528.38;1195.03;8.46691;-1.41817;659
1529.65;1186.76;8.36718;-1.41817;660
1530.99;1178.08;8.77876;-1.41817;661
1531.76;1169.57;8.54001;-1.48001;662
1537.42;1163.71;8.15222;-0.803149;663
1543.22;1157.7;8.34302;-0.803149;664
1549.28;1151.42;8.73284;-0.803149;665
1555.06;1145.43;8.32639;-0.803149;666
1561.12;1139.16;8.72042;-0.803149;667
1566.89;1133.18;8.3094;-0.803149;668
1572.86;1126.99;8.60278;-0.803149;669
1581.28;1125.53;8.54212;-0.171507;670
1589.37;1124.13;8.2119;-0.171507;671
1597.34;1122.75;8.09026;-0.171507;672
1604.98;1121.42;7.74838;-0.171507;673
1612.81;1120.07;7.94503;-0.171507;674
1620.97;1118.65;8.28368;-0.171507;675
1628.88;1117.28;8.02787;-0.171507;676
1636.9;1115.89;8.14123;-0.171507;677
1644.74;1114.54;7.95374;-0.171507;678
1651.87;1118.2;8.01239;0.474389;679
1658.86;1121.79;7.85763;0.474389;680
1666.31;1123.99;7.77542;0.286929;681
1673.74;1126.18;7.74399;0.286929;682
1680.97;1128.31;7.5392;0.286929;683
1688.19;1130.44;7.52359;0.286929;684
1695.63;1132.64;7.75592;0.286929;685
1703.07;1134.83;7.75984;0.286929;686
1710.57;1134.43;7.50731;-0.0540567;687
1718.43;1134;7.88019;-0.0540567;688
1726.58;1133.56;8.16111;-0.0540567;689
1734.91;1133.11;8.34072;-0.0540567;690
1743.58;1132.64;8.67747;-0.0540567;691
1752.66;1132.15;9.09661;-0.0540567;692
1761.62;1131.56;8.97633;-0.0656473;693
1770.32;1130.99;8.72198;-0.0656473;694
1779.06;1130.41;8.7558;-0.0656473;695
1787.96;1129.83;8.92137;-0.0656473;696
1794.98;1135.74;9.18345;0.69993;697
1802.29;1141.89;9.54718;0.69993;698
1809.89;1148.3;9.94564;0.69993;699
1815.59;1156.89;10.3087;0.985375;700
1821.3;1165.5;10.328;0.985375;701
1826.12;1174.14;9.89462;1.06115;702
1831.15;1183.13;10.3016;1.06115;703
1841.6;1184.78;10.5833;0.156356;704
1851.84;1186.39;10.3625;0.156356;705
1858.38;1194.07;10.0868;0.865009;706
1868.11;1196.88;10.1229;0.281523;707
1878.11;1194.52;10.2766;-0.232207;708
1888.43;1192.08;10.6053;-0.232207;709
1899.09;1189.55;10.9577;-0.232207;710
1909.86;1187.01;11.07;-0.232207;711
1920.81;1184.42;11.2511;-0.232207;712
1931.34;1181.93;10.8159;-0.232207;713
1942.03;1179.4;10.9821;-0.232207;714
1953.07;1176.79;11.3471;-0.232207;715
1963.74;1174.27;10.962;-0.232207;716
1974.7;1171.68;11.2618;-0.232207;717
1984.25;1178.26;11.6058;0.603744;718
1996.07;1176.79;11.9064;-0.123806;719
2007.38;1175.39;11.3977;-0.123806;720
2018.65;1173.98;11.3614;-0.123806;721
2029.42;1172.64;10.8534;-0.123806;722
2040.56;1171.26;11.2249;-0.123806;723
2051.49;1169.9;11.0126;-0.123806;724
2062.88;1168.48;11.4839;-0.123806;725
2074.24;1167.07;11.4414;-0.123806;726
2085.08;1165.72;10.9227;-0.123806;727
2095.46;1164.43;10.4609;-0.123806;728
2103.54;1157.01;10.9645;-0.742406;729
2111.38;1149.82;10.6437;-0.742406;730
2119.23;1142.61;10.6554;-0.742406;731
2126.91;1135.56;10.4262;-0.742406;732
2126.54;1124.69;10.8831;-1.60522;733
2126.16;1113.72;10.9697;-1.60522;734
2125.79;1103.02;10.7067;-1.60522;735
2125.44;1092.63;10.4008;-1.60522;736
2125.09;1082.62;10.0135;-1.60522;737
2124.74;1072.42;10.2077;-1.60522;738
2124.39;1062.27;10.1519;-1.60522;739
2124.05;1052.53;9.74996;-1.60522;740
2118.12;1045.33;9.33154;-2.26034;741
2112.35;1038.34;9.06199;-2.26034;742
2106.74;1031.53;8.82469;-2.26034;743
2101.33;1024.98;8.49676;-2.26034;744
2095.72;1018.16;8.82785;-2.26034;745
2089.9;1011.11;9.1399;-2.26034;746
2083.84;1003.76;9.52473;-2.26034;747
2077.84;996.482;9.43751;-2.26034;748
2071.76;989.11;9.55509;-2.26034;749
2065.58;981.618;9.71025;-2.26034;750
2065.54;971.851;9.76774;-1.5756;751
2065.49;961.861;9.98933;-1.5756;752
2065.44;951.873;9.9889;-1.5756;753
2065.39;941.975;9.89804;-1.5756;754
2065.35;932.217;9.75822;-1.5756;755
2065.3;922.813;9.40418;-1.5756;756
2065.26;913.668;9.1444;-1.5756;757
2065.21;904.24;9.42882;-1.5756;758
2069.24;895.882;9.27815;-1.12163;759
2073.12;887.84;8.92679;-1.12163;760
2071.64;879.184;8.78176;-1.73985;761
2077.52;872.406;8.97703;-0.855701;762
2076.28;863.665;8.82933;-1.71238;763
2075.08;855.292;8.45772;-1.71238;764
2073.87;846.745;8.63344;-1.71238;765
2066.92;841.705;8.57927;-2.51378;766
2060.11;836.761;8.41799;-2.51378;767
2053.36;831.863;8.33919;-2.51378;768
2046.76;827.072;8.15525;-2.51378;769
2040.06;822.209;8.27994;-2.51378;770
2033.31;817.309;8.3427;-2.51378;771
2026.46;812.341;8.45713;-2.51378;772
2019.55;807.325;8.54021;-2.51378;773
2012.81;802.431;8.33156;-2.51378;774
2007.89;795.824;8.23891;-2.21098;775
2002.93;789.172;8.29442;-2.21098;776
2000.27;781.638;7.99051;-1.9106;777
1997.6;774.1;7.99547;-1.9106;778
1995.06;766.888;7.64904;-1.9106;779
1992.44;759.476;7.86183;-1.9106;780
1985.42;755.758;7.94045;-2.65431;781
1978.18;751.923;8.18904;-2.65431;782
1970.84;748.032;8.30991;-2.65431;783
1963.59;744.191;8.2034;-2.65431;784
1962.2;736.41;7.9057;-1.74837;785
1960.77;728.468;8.06926;-1.74837;786
1954.64;723.564;7.85337;-2.46722;787
1948.41;718.59;7.96515;-2.46722;788
1942.06;713.515;8.1284;-2.46722;789
1933.93;711.29;8.43727;-2.87467;790
1925.99;709.118;8.23129;-2.87467;791
1917.71;706.855;8.58088;-2.87467;792
1912.69;699.655;8.77852;-2.17983;793
1907.84;692.698;8.48223;-2.17983;794
1903.07;685.862;8.33428;-2.17983;795
1898.28;679;8.36685;-2.17983;796
1893.46;672.082;8.43405;-2.17983;797
1888.85;665.482;8.04686;-2.17983;798
1881.95;662.036;7.71405;-2.67849;799
1875.09;658.61;7.66873;-2.67849;800
1868.22;655.182;7.67417;-2.67849;801
1861.54;651.846;7.4668;-2.67849;802
1854.75;648.454;7.59282;-2.67849;803
1847.72;646.158;7.39199;-2.82576;804
1840.95;643.943;7.13084;-2.82576;805
1834.18;641.731;7.12067;-2.82576;806
1828.64;645.762;6.84825;-3.77085;807
1823.1;649.797;6.85571;-3.77085;808
1817.53;653.848;6.88302;-3.77085;809
1811.34;657.137;7.00981;-3.62999;810
1804.95;660.534;7.2399;-3.62999;811
1798.57;663.925;7.22702;-3.62999;812
1792.05;667.39;7.38413;-3.62999;813
1785.28;670.984;7.66001;-3.62999;814
1778.67;674.5;7.49383;-3.62999;815
1772.3;677.883;7.20994;-3.62999;816
1766.16;681.144;6.94946;-3.62999;817
1760.31;684.251;6.6218;-3.62999;818
1754.37;687.41;6.73257;-3.62999;819
1748.66;690.445;6.46943;-3.62999;820
1742.88;693.512;6.53645;-3.62999;821
1737.22;696.521;6.41112;-3.62999;822
1731.58;699.517;6.38554;-3.62999;823
1726.17;702.392;6.12863;-3.62999;824
1720.59;705.358;6.32027;-3.62999;825
1719.94;711.785;6.45964;-4.61231;826
1719.31;718.111;6.35768;-4.61231;827
1718.7;724.198;6.11748;-4.61231;828
1718.09;730.227;6.05971;-4.61231;829
1717.5;736.09;5.89171;-4.61231;830
1716.94;741.66;5.59799;-4.61231;831
1716.36;747.5;5.86965;-4.61231;832
1715.78;753.268;5.7974;-4.61231;833
1715.21;758.924;5.68463;-4.61231;834
1714.62;764.76;5.86508;-4.61231;835
1714.06;770.333;5.60136;-4.61231;836
1713.48;776.178;5.87412;-4.61231;837
1712.89;781.986;5.83729;-4.61231;838
1712.33;787.639;5.68084;-4.61231;839
1711.76;793.264;5.65374;-4.61231;840
1711.22;798.637;5.39978;-4.61231;841
1711.54;803.808;5.18041;-4.77282;842
1711.85;809.073;5.27475;-4.77282;843
1712.17;814.312;5.24862;-4.77282;844
1712.5;819.769;5.46665;-4.77282;845
1715.38;824.559;5.58949;-5.25381;846
1718.22;829.28;5.50891;-5.25381;847
1720.93;833.787;5.2591;-5.25381;848
1723.63;838.272;5.23419;-5.25381;849
1726.36;842.807;5.29108;-5.25381;850
1729.22;847.566;5.55318;-5.25381;851
1732.09;852.345;5.57672;-5.25381;852
1734.99;857.165;5.62465;-5.25381;853
1737.76;861.777;5.38153;-5.25381;854
1740.53;866.376;5.36715;-5.25381;855
1741.83;871.694;5.47534;-4.9526;856
1743.17;877.145;5.61149;-4.9526;857
1747.08;881.29;5.70372;-5.4696;858
1751.19;885.638;5.98278;-5.4696;859
1755.41;890.097;6.13519;-5.4696;860
1759.77;894.71;6.34752;-5.4696;861
1764.29;899.495;6.58421;-5.4696;862
1768.76;904.228;6.51229;-5.4696;863
1773.15;908.872;6.39071;-5.4696;864
1777.6;913.572;6.46686;-5.4696;865
1781.92;918.142;6.28864;-5.4696;866
1786.44;922.925;6.58133;-5.4696;867
1790.86;927.603;6.43601;-5.4696;868
1795.19;932.184;6.30426;-5.4696;869
1799.61;936.863;6.43791;-5.4696;870
1804.22;941.742;6.71359;-5.4696;871
1810.95;941.401;6.73465;-6.33388;872
1817.31;939.656;6.59567;-6.55097;873
1823.4;937.984;6.31699;-6.55097;874
1829.66;936.268;6.48734;-6.55097;875
1836.14;934.488;6.72546;-6.55097;876
1841.71;931.318;6.40775;-6.8008;877
1847.09;928.252;6.19494;-6.8008;878
1852.59;925.121;6.3281;-6.8008;879
1858.28;921.885;6.53998;-6.8008;880
1864.16;918.537;6.76692;-6.8008;881
1869.98;915.224;6.69548;-6.8008;882
1876.56;915.98;6.62738;-6.16876;883
1883.18;916.741;6.66129;-6.16876;884
1889.77;915.114;6.78698;-6.52534;885
1894.21;909.733;6.98009;-7.16338;886
1893.34;902.515;7.27007;-7.97393;887
1892.47;895.244;7.32412;-7.97393;888
1891.62;888.239;7.05569;-7.97393;889
1890.81;881.49;6.79757;-7.97393;890
1889.98;874.654;6.88526;-7.97393;891
1889.19;868.033;6.6691;-7.97393;892
1888.41;861.601;6.47806;-7.97393;893
1892.18;856.022;6.73097;-7.26044;894
1895.93;850.463;6.7058;-7.26044;895
1899.77;844.767;6.87117;-7.26044;896
1903.6;839.096;6.84072;-7.26044;897
1910.17;838.655;6.58911;-6.35014;898
1916.77;838.213;6.61409;-6.35014;899
1923.11;837.787;6.35754;-6.35014;900
1928.95;834.61;6.64652;-6.78167;901
1934.9;831.372;6.77201;-6.78167;902
1941;828.05;6.94722;-6.78167;903
1946.8;824.892;6.60668;-6.78167;904
1952.74;821.657;6.76549;-6.78167;905
1958.55;818.496;6.61263;-6.78167;906
1965.11;818.756;6.56203;-6.24353;907
1971.93;819.027;6.82728;-6.24353;908
1978.87;819.302;6.94778;-6.24353;909
1985.95;819.583;7.08312;-6.24353;910
1993.09;819.866;7.14705;-6.24353;911
1998.87;815.744;7.09343;-6.90336;912
2004.46;811.751;6.87059;-6.90336;913
2010.12;807.703;6.96413;-6.90336;914
2015.94;803.551;7.14383;-6.90336;915
2021.56;799.536;6.90924;-6.90336;916
2026.92;795.706;6.59078;-6.90336;917
2033.37;795.817;6.44732;-6.26591;918
2039.9;795.93;6.52979;-6.26591;919
2046.51;796.044;6.61519;-6.26591;920
2052.24;799.637;6.76341;-5.72307;921
2058.12;803.324;6.93921;-5.72307;922
2060.56;809.451;6.59504;-5.09117;923
2062.99;815.55;6.56386;-5.09117;924
2065.43;821.681;6.59916;-5.09117;925
2067.94;827.994;6.7938;-5.09117;926
2070.49;834.393;6.88732;-5.09117;927
2073.12;841.009;7.12142;-5.09117;928
2075.77;847.666;7.16423;-5.09117;929
2078.43;854.341;7.18412;-5.09117;930
2081.1;861.056;7.22758;-5.09117;931
2083.82;867.9;7.36676;-5.09117;932
2086.59;874.842;7.47151;-5.09117;933
2093.56;877.222;7.37157;-5.95441;934
2100.84;879.705;7.68893;-5.95441;935
2108.27;882.239;7.8472;-5.95441;936
2115.77;884.798;7.92566;-5.95441;937
2123.13;887.31;7.78222;-5.95441;938
2129.92;891.325;7.8871;-5.74916;939
2136.51;895.361;7.72766;-5.73366;940
2143.28;899.503;7.9309;-5.73366;941
2149.81;903.504;7.65961;-5.73366;942
2151.05;911.005;7.60364;-4.87637;943
2152.29;918.486;7.58198;-4.87637;944
2153.55;926.136;7.75448;-4.87637;945
2154.76;933.434;7.39683;-4.87637;946
2155.93;940.494;7.15651;-4.87637;947
2157.1;947.574;7.17645;-4.87637;948
2158.27;954.671;7.19306;-4.87637;949
2159.4;961.492;6.91368;-4.87637;950
2160.56;968.486;7.08939;-4.87637;951
2165.2;973.654;6.94854;-5.44461;952
2169.93;978.911;7.06899;-5.44461;953
2174.62;984.127;7.01375;-5.44461;954
2173.92;991.347;7.25396;-4.61601;955
2173.23;998.546;7.23266;-4.61601;956
2172.5;1006.06;7.54416;-4.61601;957
2177.53;1011.33;7.28962;-5.47332;958
2182.59;1016.65;7.34434;-5.47332;959
2187.74;1022.06;7.4622;-5.47332;960
2193.11;1027.7;7.79476;-5.47332;961
2198.58;1033.45;7.93296;-5.47332;962
2204.33;1039.48;8.32778;-5.47332;963
2209.85;1045.28;8.01624;-5.47332;964
2215.34;1051.05;7.96314;-5.47332;965
2220.81;1056.79;7.92794;-5.47332;966
2226.26;1062.52;7.90623;-5.47332;967
2231.59;1068.11;7.72721;-5.47332;968
2236.71;1073.49;7.42536;-5.47332;969
2241.95;1078.99;7.59051;-5.47332;970
2249.06;1080.66;7.30426;-6.0527;971
2255.43;1084.41;7.39822;-5.75059;972
2261.9;1088.23;7.5138;-5.75059;973
2268.41;1092.06;7.55015;-5.75059;974
2274.83;1095.85;7.45083;-5.75059;975
2281.14;1099.57;7.32969;-5.75059;976
2287.72;1103.45;7.63961;-5.75059;977
2294.17;1107.24;7.47675;-5.75059;978
2300.54;1111;7.39421;-5.75059;979
2306.73;1114.65;7.19567;-5.75059;980
2313.74;1113.23;7.15025;-6.48281;981
2320.71;1111.82;7.10906;-6.48281;982
2327.77;1110.4;7.20465;-6.48281;983
2334.65;1109;7.02098;-6.48281;984
2341.31;1107.66;6.78838;-6.48281;985
2347.91;1106.32;6.73419;-6.48281;986
2354.44;1105;6.66086;-6.48281;987
2360.71;1103.73;6.39765;-6.48281;988
2367.27;1102.4;6.69558;-6.48281;989
2374.1;1101.02;6.96855;-6.48281;990
2380.74;1103.65;7.13945;-5.90554;991
2387.68;1104.23;6.97055;-6.2001;992
2394.48;1104.8;6.81935;-6.2001;993
2401.38;1105.37;6.92248;-6.2001;994
2408.14;1105.94;6.78234;-6.2001;995
2414.58;1108.67;6.99911;-5.8819;996
2421.1;1111.44;7.08454;-5.8819;997
2427.32;1114.07;6.75165;-5.8819;998
2433.44;1110.91;6.89371;-6.76035;999
